USE agro_sustenta;

INSERT INTO Cooperativa (CNPJ, nome, email) VALUES
('111.222.333-44', 'Maria Eduarda Santos', 'maria.santos@exemplo.com'),
('222.333.444-55', 'Pedro Henrique Oliveira', 'pedroh.oliver@exemplo.com'),
('333.444.555-66', 'Ana Clara Souza', 'anaclara.souza@exemplo.com'),
('444.555.666-77', 'Lucas Gabriel Lima', 'lucas.lima@exemplo.com'),
('555.666.777-88', 'Julia Vitoria Costa', 'julia.costa@exemplo.com'),
('666.777.888-99', 'Rafael Almeida Pereira', 'rafael.pereira@exemplo.com'),
('777.888.999-00', 'Beatriz Ferreira Rocha', 'beatriz.rocha@exemplo.com'),
('888.999.000-11', 'Guilherme Mendes Carvalho', 'guilherme.carvalho@exemplo.com'),
('999.000.111-22', 'Larissa Gomes Ribeiro', 'larissa.ribeiro@exemplo.com'),
('000.111.222-33', 'Felipe Santos Martins', 'felipe.martins@exemplo.com'),
('101.202.303-40', 'Camila Nogueira Silva', 'camila.silva@exemplo.com'),
('202.303.404-51', 'Thiago Barbosa Castro', 'thiago.castro@exemplo.com'),
('303.404.505-62', 'Giovana Morais Pires', 'giovana.pires@exemplo.com'),
('404.505.606-73', 'Daniel Viana Fernandes', 'daniel.fernandes@exemplo.com'),
('505.606.707-84', 'Isabela Rocha Nunes', 'isabela.nunes@exemplo.com'),
('606.707.808-95', 'Matheus Leal Souza', 'matheus.leal@exemplo.com'),
('707.808.909-06', 'Sofia Cruz Oliveira', 'sofia.oliveira@exemplo.com'),
('808.909.010-17', 'Victor Hugo Dantas', 'victor.dantas@exemplo.com'),
('909.010.121-28', 'Helena Sales Moura', 'helena.moura@exemplo.com'),
('010.121.313-39', 'Bruno Alves Ferreira', 'bruno.ferreira@exemplo.com');

INSERT INTO Armazem (nome) VALUES
('Armazém Central Nordeste'),
('Armazém Oeste de SP'),
('Centro de Distribuição Minas'),
('Armazém Logística Sul 1'),
('Armazém Logística Sul 2'),
('Depósito Regional Bahia'),
('Polo Agrícola Goiás'),
('Armazém Sementes Norte A'),
('Armazém Sementes Norte B'),
('Centro Operacional RJ'),
('Armazém Transbordo Paraná'),
('Unidade de Estocagem 1 Mato Grosso'),
('Unidade de Estocagem 2 Mato Grosso'),
('Armazém Seco Ceará'),
('Filial Pernambuco'),
('Armazém Fronteira Sul'),
('Depósito de Apoio Tocantins'),
('Centro de Seleção Lotes'),
('Armazém de Quarentena ES'),
('Armazém Urbano São Paulo');

INSERT INTO Endereco (logradouro, numero, bairro, cidade, CEP, UF, Cooperativa_CNPJ) VALUES
('Rua das Palmeiras', 123, 'Jardim Botânico', 'Curitiba', '80210-000', 'PR', '111.222.333-44'),
('Avenida Principal', 450, 'Centro', 'Porto Alegre', '90010-000', 'RS', '222.333.444-55'),
('Travessa da Harmonia', 77, 'Vila Nova', 'Florianópolis', '88015-000', 'SC', '333.444.555-66'),
('Rua da Saudade', 1050, 'Boa Viagem', 'Recife', '51020-000', 'PE', '444.555.666-77'),
('Alameda dos Anjos', 202, 'Itaim Bibi', 'São Paulo', '04532-000', 'SP', '555.666.777-88'),
('Rua Barão de Mauá', 33, 'Centro Histórico', 'Salvador', '40020-000', 'BA', '666.777.888-99'),
('Avenida do Contorno', 987, 'Savassi', 'Belo Horizonte', '30110-000', 'MG', '777.888.999-00'),
('Quadra 104 Sul', 55, 'Plano Diretor Sul', 'Palmas', '77020-000', 'TO', '888.999.000-11'),
('Rua Rio Branco', 111, 'Setor Central', 'Goiânia', '74030-000', 'GO', '999.000.111-22'),
('Estrada do Forte', 245, 'Jardins', 'Fortaleza', '60170-000', 'CE', '000.111.222-33'),
('Rua dos Ipês', 321, 'Lago Norte', 'Brasília', '71530-000', 'DF', '101.202.303-40'),
('Avenida das Indústrias', 1000, 'Distrito Industrial', 'Manaus', '69075-000', 'AM', '202.303.404-51'),
('Rua da Ponte', 404, 'Cidade Baixa', 'Cuiabá', '78005-000', 'MT', '303.404.505-62'),
('Rua do Comércio', 500, 'Centro', 'João Pessoa', '58010-000', 'PB', '404.505.606-73'),
('Avenida Mar', 678, 'Ponta Verde', 'Maceió', '57035-000', 'AL', '505.606.707-84'),
('Rua dos Timbiras', 900, 'Centro', 'Belém', '66015-000', 'PA', '606.707.808-95'),
('Rua Chile', 10, 'Jardim América', 'Natal', '59078-000', 'RN', '707.808.909-06'),
('Rua 25 de Março', 250, 'Liberdade', 'Campinas', '13010-000', 'SP', '808.909.010-17'),
('Rua da Alfândega', 10, 'Porto', 'Rio de Janeiro', '20010-000', 'RJ', '909.010.121-28'),
('Rua do Pinheiro', 150, 'Centro', 'Teresina', '64000-000', 'PI', '010.121.313-39');

INSERT INTO Telefone (numero, Cooperativa_CNPJ) VALUES
('41 99876-5432', '111.222.333-44'),
('51 98123-4567', '222.333.444-55'),
('48 99109-8765', '333.444.555-66'),
('81 99543-2109', '444.555.666-77'),
('11 97766-5544', '555.666.777-88'),
('71 98877-6655', '666.777.888-99'),
('31 98456-1234', '777.888.999-00'),
('63 99234-5678', '888.999.000-11'),
('62 98567-3452', '999.000.111-22'),
('85 99789-0123', '000.111.222-33'),
('61 99187-6540', '101.202.303-40'),
('92 98234-5671', '202.303.404-51'),
('65 99345-6782', '303.404.505-62'),
('83 98678-9013', '404.505.606-73'),
('82 99456-7894', '505.606.707-84'),
('91 98765-4325', '606.707.808-95'),
('84 99123-4566', '707.808.909-06'),
('19 98877-6657', '808.909.010-17'),
('21 99654-3218', '909.010.121-28'),
('86 99432-1099', '010.121.313-39');

INSERT INTO Rastreio (destinatario, Cooperativa_CNPJ) VALUES
('Maria Eduarda Santos', '111.222.333-44'),
('Pedro Henrique Oliveira', '222.333.444-55'),
('Ana Clara Souza', '333.444.555-66'),
('Lucas Gabriel Lima', '444.555.666-77'),
('Julia Vitoria Costa', '555.666.777-88'),
('Rafael Almeida Pereira', '666.777.888-99'),
('Beatriz Ferreira Rocha', '777.888.999-00'),
('Guilherme Mendes Carvalho', '888.999.000-11'),
('Larissa Gomes Ribeiro', '999.000.111-22'),
('Felipe Santos Martins', '000.111.222-33'),
('Camila Nogueira Silva', '101.202.303-40'),
('Thiago Barbosa Castro', '202.303.404-51'),
('Giovana Morais Pires', '303.404.505-62'),
('Daniel Viana Fernandes', '404.505.606-73'),
('Isabela Rocha Nunes', '505.606.707-84'),
('Matheus Leal Souza', '606.707.808-95'),
('Sofia Cruz Oliveira', '707.808.909-06'),
('Victor Hugo Dantas', '808.909.010-17'),
('Helena Sales Moura', '909.010.121-28'),
('Bruno Alves Ferreira', '010.121.313-39');

INSERT INTO Lote (especie, quantidade, validade, descricao, Armazem_idArmazem) VALUES
('Soja - Variedade BR 101', 5000, '2026-10-30', 'Lote de soja resistente a seca, ideal para a região Nordeste.', 1),
('Milho Híbrido Tipo A', 7500, '2027-04-15', 'Milho para segunda safra, alto rendimento.', 2),
('Feijão Carioca Tipo 1', 2000, '2026-06-20', 'Feijão novo, embalagem reforçada.', 3),
('Trigo de Inverno', 4000, '2027-01-05', 'Trigo de alta qualidade para panificação, safra 2025.', 4),
('Arroz Agulhinha', 6000, '2026-11-01', 'Arroz com baixo índice de quebra, estocado em ambiente seco.', 5),
('Café Arábica Seleção', 1500, '2027-12-31', 'Grãos de café Arábica, torra média, em sacas de 60kg.', 6),
('Algodão Fibra Longa', 8500, '2028-02-10', 'Algodão beneficiado, pronto para indústria têxtil.', 7),
('Mandioca Industrial', 10000, '2025-11-25', 'Mandioca para processamento em farinha, estoque urgente.', 8),
('Semente de Girassol', 3000, '2027-08-01', 'Sementes tratadas para plantio, ensacadas em pacotes de 25kg.', 9),
('Cevada Cervejeira', 5500, '2026-09-10', 'Cevada utilizada na produção de malte, requer controle de umidade.', 10),
('Soja - Variedade BR 202', 4500, '2026-10-20', 'Segunda leva de soja para o Sul, resistente a pragas.', 11),
('Milho Pipoca Premium', 1800, '2027-05-05', 'Milho com alto poder de expansão.', 12),
('Aveia Branca', 7000, '2026-12-15', 'Aveia para alimentação animal e humana.', 13),
('Castanha de Caju Bruta', 1200, '2026-07-28', 'Matéria-prima, estocada em local ventilado.', 14),
('Uva Passa', 1500, '2025-12-05', 'Produto final, necessita de refrigeração amena.', 15),
('Sorgo Granífero', 9000, '2027-03-01', 'Sorgo para ração animal, grande volume.', 16),
('Amendoim Tipo Runner', 2500, '2026-05-18', 'Amendoim para indústria de óleo.', 17),
('Centeio para Cobertura', 3500, '2027-07-07', 'Grão utilizado como cobertura de solo, orgânico.', 18),
('Feijão Preto Tipo 2', 500, '2026-04-04', 'Lote pequeno para distribuição local.', 19),
('Canola Industrial', 8000, '2027-09-09', 'Semente de canola para extração de óleo.', 20);

INSERT INTO Estoque (entradaLotes, saidaLotes, saldoDisponivel, Armazem_idArmazem) VALUES
('2025-10-25 10:00:00', '2025-10-26 14:30:00', 50000, 1),
('2025-10-26 08:30:00', '2025-10-27 11:00:00', 75000, 2),
('2025-10-24 15:45:00', '2025-10-25 09:15:00', 20000, 3),
('2025-10-27 07:00:00', '2025-10-27 10:30:00', 40000, 4),
('2025-10-23 11:15:00', '2025-10-26 16:00:00', 60000, 5),
('2025-10-22 14:00:00', '2025-10-24 13:00:00', 15000, 6),
('2025-10-27 09:45:00', '2025-10-27 14:00:00', 85000, 7),
('2025-10-21 16:30:00', '2025-10-22 10:00:00', 100000, 8),
('2025-10-26 13:00:00', '2025-10-27 09:00:00', 30000, 9),
('2025-10-24 10:00:00', '2025-10-25 12:00:00', 55000, 10),
('2025-10-27 12:00:00', '2025-10-27 15:00:00', 45000, 11),
('2025-10-25 09:00:00', '2025-10-26 10:00:00', 18000, 12),
('2025-10-23 13:00:00', '2025-10-24 15:00:00', 70000, 13),
('2025-10-26 14:00:00', '2025-10-27 08:00:00', 12000, 14),
('2025-10-25 15:00:00', '2025-10-26 09:00:00', 1500, 15),
('2025-10-24 08:00:00', '2025-10-25 11:00:00', 90000, 16),
('2025-10-27 11:30:00', '2025-10-27 14:00:00', 25000, 17),
('2025-10-26 10:30:00', '2025-10-27 10:00:00', 35000, 18),
('2025-10-25 07:30:00', '2025-10-26 13:30:00', 5000, 19),
('2025-10-27 09:15:00', '2025-10-27 12:45:00', 80000, 20);

INSERT INTO EnderecoArmazem (logradouro, numero, bairro, cidade, CEP, UF, Armazem_idArmazem) VALUES
('Rua da Indústria', 1500, 'Distrito Industrial', 'Jaboatão dos Guararapes', '54320-000', 'PE', 1),
('Rodovia Castelo Branco, KM 30', 30, 'Zona Rural', 'Barueri', '06454-000', 'SP', 2),
('Avenida Governador Magalhães Pinto', 450, 'Jardim Filadélfia', 'Uberlândia', '38400-000', 'MG', 3),
('Rua das Américas', 200, 'Porto Seco', 'Itajaí', '88301-000', 'SC', 4),
('Avenida do Porto', 1010, 'Centro Logístico', 'Canoas', '92480-000', 'RS', 5),
('Estrada do Coco', 80, 'Portão', 'Lauro de Freitas', '42700-000', 'BA', 6),
('BR-060', 120, 'Setor Agrícola', 'Rio Verde', '75900-000', 'GO', 7),
('Rua Amazonas', 50, 'Zona Franca', 'Manaus', '69075-000', 'AM', 8),
('Rodovia PA-150', 300, 'Industrial', 'Paragominas', '68625-000', 'PA', 9),
('Via Dutra, KM 180', 180, 'Bonsucesso', 'Duque de Caxias', '25230-000', 'RJ', 10),
('Rua Pioneiros', 750, 'Cincão', 'Curitiba', '81450-000', 'PR', 11),
('Avenida dos Imigrantes', 1100, 'Distrito Oeste', 'Cuiabá', '78090-000', 'MT', 12),
('Rodovia BR-163', 25, 'Zona de Expansão', 'Sinop', '78550-000', 'MT', 13),
('Rua do Porto', 99, 'Mucuripe', 'Fortaleza', '60180-000', 'CE', 14),
('Rua das Velas', 555, 'Comércio', 'Petrolina', '56300-000', 'PE', 15),
('Avenida da Integração', 10, 'Industrial', 'Santana do Livramento', '97573-000', 'RS', 16),
('Quadra 206 Norte', 20, 'Plano Diretor', 'Palmas', '77006-000', 'TO', 17),
('Rua da Tecnologia', 100, 'Polo Tecnológico', 'Campinas', '13069-000', 'SP', 18),
('BR-101 Sul', 10, 'Vargem Alta', 'Cachoeiro de Itapemirim', '29300-000', 'ES', 19),
('Rua Santa Rita', 400, 'Brás', 'São Paulo', '03001-000', 'SP', 20);

INSERT INTO TelefoneArmazem (numero, Armazem_idArmazem) VALUES
('81 3344-5566', 1),
('11 4199-0011', 2),
('34 3210-9876', 3),
('47 3040-5060', 4),
('51 3477-8899', 5),
('71 3350-1122', 6),
('64 3620-3040', 7),
('92 3610-2030', 8),
('91 3720-4050', 9),
('21 3910-5060', 10),
('41 3270-1122', 11),
('65 3680-4455', 12),
('66 3530-6677', 13),
('85 3450-7788', 14),
('87 3860-9900', 15),
('55 3240-1011', 16),
('63 3210-2022', 17),
('19 3730-3344', 18),
('28 3510-5566', 19),
('11 3220-7788', 20);

INSERT INTO Distribuicao (dataSaida, statusEntrega, Rastreio_idRastreio) VALUES
('2025-10-20 08:00:00', 'Entregue', 1),
('2025-10-21 14:30:00', 'Em Trânsito', 2),
('2025-10-22 10:00:00', 'Entregue', 3),
('2025-10-23 09:15:00', 'Em Rota', 4),
('2025-10-24 16:00:00', 'Pendente', 5),
('2025-10-19 13:00:00', 'Entregue', 6),
('2025-10-25 14:00:00', 'Em Trânsito', 7),
('2025-10-26 10:00:00', 'Em Rota', 8),
('2025-10-20 12:00:00', 'Entregue', 9),
('2025-10-27 09:00:00', 'Aguardando', 10),
('2025-10-21 15:00:00', 'Em Trânsito', 11),
('2025-10-22 10:30:00', 'Entregue', 12),
('2025-10-23 11:00:00', 'Em Rota', 13),
('2025-10-24 08:00:00', 'Em Trânsito', 14),
('2025-10-25 13:30:00', 'Entregue', 15),
('2025-10-26 11:00:00', 'Pendente', 16),
('2025-10-27 12:45:00', 'Aguardando', 17),
('2025-10-20 16:30:00', 'Em Trânsito', 18),
('2025-10-21 07:30:00', 'Entregue', 19),
('2025-10-22 14:00:00', 'Em Rota', 20);

INSERT INTO Sementes (nome, especie, quantidade, Lote_idLote) VALUES
('Soja C-300', 'Soja - Variedade BR 101', 500000, 1),
('Milho Pioneer X12', 'Milho Híbrido Tipo A', 750000, 2),
('Feijão BRS Estilo', 'Feijão Carioca Tipo 1', 200000, 3),
('Trigo TBio Toruk', 'Trigo de Inverno', 400000, 4),
('Arroz Irga 424', 'Arroz Agulhinha', 600000, 5),
('Café Mundo Novo', 'Café Arábica Seleção', 150000, 6),
('Algodão DeltaPine 300', 'Algodão Fibra Longa', 850000, 7),
('Mandioca IAPAR 5', 'Mandioca Industrial', 1000000, 8),
('Girassol Hélio 4', 'Semente de Girassol', 300000, 9),
('Cevada BRS Deméter', 'Cevada Cervejeira', 550000, 10),
('Soja Vmax 50', 'Soja - Variedade BR 202', 450000, 11),
('Milho Pipoqueiro Gourmet', 'Milho Pipoca Premium', 180000, 12),
('Aveia INIA Slan', 'Aveia Branca', 700000, 13),
('Castanha Padrão A', 'Castanha de Caju Bruta', 120000, 14),
('Uva Crimson', 'Uva Passa', 150000, 15),
('Sorgo BRS 310', 'Sorgo Granífero', 900000, 16),
('Amendoim Granel', 'Amendoim Tipo Runner', 250000, 17),
('Centeio BR 1', 'Centeio para Cobertura', 350000, 18),
('Feijão IPR Uirapuru', 'Feijão Preto Tipo 2', 50000, 19),
('Canola Hybrid 20', 'Canola Industrial', 800000, 20);

INSERT INTO Distribuicao_Armazem (Distribuicao_idDistribuicao, Armazem_idArmazem) VALUES
(1, 1), (1, 4),
(2, 5), (2, 6),
(3, 3),
(4, 7), (4, 18),
(5, 2),
(6, 15),
(7, 10), (7, 14), (7, 17),
(8, 12),
(9, 13),
(10, 20), (10, 4),
(11, 1), (11, 2),
(12, 19),
(13, 8), (13, 9),
(14, 11),
(15, 16),
(16, 17), (16, 1),
(17, 4),
(18, 5), (18, 3),
(19, 10),
(20, 15);